Sno,src_loc,date,time,ang_wdt,vcdaw,spce_spd,fht_spd2,20RS_spd2,accel,mass ,KE,mpa ,src_typ,NOAA,onset_time,hale_class,flr_class,flr_dt,flr_tm,icme_dst_dt,icme_dst_tm,plsm_strt_dt,plsm_strt_tm,plsm_end_dt,plsm_end_tm,comp_strt,comp_end,qual,dv ,v,min_dst_icme ,v_max ,meanB,mc,v_trans ,trans_time ,icme_sz ,Icme_min_Bz,sheath_spd ,sheath_sz ,sheath_dst,sheath Bz
1,,1996/12/19,16:30,130,469,,---,---,---,5.1e+14*2,5.6e+29*2,265,data gap jhelio,,,,,,,1996/12/23,16:00:00,1996/12/23,17:00:00,1996/12/25,11:00,,,2,20,360,-18,420,10,2,435,95,,,,,,
2,S18E06,1997/01/06,15:10,360,136,232,224,319,4.1,5.8e+14*2,5.4e+28*2,180,AR,8009,12:41,β,,,,1997/01/10,1:04:00,1997/01/10,4:00:00,1997/01/11,2:00,,,1,100 S,450,-78,460,14,2,507,81,,,,,,
3,S38W31,1997/02/07,0:30,360,490,584,718,635,14.3,4.1e+15*2,4.9e+30*2,266,AR,8017,2/6/97 23:20,α,,,,1997/02/09,13:21:00,1997/02/10,2:00:00,1997/02/10,19:00,,,2,90 S,450,-68,600,8,2,683,60,,,,,,
4,S28E19,1997/04/07,14:27,360,878,1115,905,896,3.3,1.0e+16*2,4.0e+31*2,123,data gap jhelio,,,,,,,1997/04/10,17:45:00,1997/04/11,6:00:00,1997/04/11,19:00,,,1,150,460,-82,470,20,2,552,74,,,,,,
5,N21W19,1997/05/12,5:30,360,464,749,335,220,-15.0*1,4.2e+15*2,4.5e+30*2,264,AR,8038,4:54,α,,,,1997/05/15,1:59:00,1997/05/15,9:00:00,1997/05/16,0:00,,,1,150 S,450,-115,480,21,2,616,67,,,,,,
6,N05W14,1997/05/21,21:00,165,296,,322,323,1.4,2.2e+15*2,9.7e+29*2,267,AR,8040,19:35,β,,,,1997/05/26,9:57:00,1997/05/26,16:00:00,1997/05/27,10:00,0,9,2,70 S,340,-74,350,10,2H,381,108,,,,,,
7,N42W10,1997/07/30,4:45,360,104,129,119,162,0.8,8.2e+14*2,4.5e+28*2,269,data gap jhelio,,,,,,,1997/08/03,10:42:00,1997/08/03,13:00:00,1997/08/04,3:00,,,1,80,400,-48,480,16,2,410,100,,,,,,
8,N30E17,1997/08/30,1:30,360,371,508,460,551,9.3,1.7e+15*2,1.2e+30*2,67,AR,8076,0:17,βγ,,,,1997/09/03,8:00:00,1997/09/03,13:00:00,1997/09/03,21:00,,,3W,40 S,410,-98,430,14,1,405,102,,,,,,
9,N45W16,1997/09/17,20:28,360,377,451,377,377,0,2.6e+15*2,1.9e+30*2,263,AR,8084,18:48,β,,,,1997/09/21,16:51:00,1997/09/21,21:00:00,1997/09/22,16:00,,,1,110,440,-36,470,16,2,450,91,,,,,,
10,N35E10,1997/09/28,1:08,360,359,479,404,409,2.8,4.0e+15*2,2.6e+30*2,87,data gap jhelio,,,,,,,1997/10/01,0:59:00,1997/10/01,16:00:00,1997/10/02,23:00,,,1,60 S,450,-98,470,10,2,580,71,,,,,,
11,S28W10,1997/10/06,15:28,174,293,,524,620,15.9,2.9e+15*2,1.2e+30*2,130,AR,8090,14:34,α,,,,1997/10/10,16:12:00,1997/10/10,22:00:00,1997/10/12,0:00,,,1,40 S,400,-130,450,12,2,430,96,,,,,,
12,Backside,1997/10/23,11:26,360,503,,573,526,3.7,8.2e+15*2,1.0e+31*2,305,AR,8097,11:12,β,,,,1997/10/26,12:00:00,1997/10/27,0:00:00,1997/10/28,7:00,,,2,40,500,-60,520,7,1,572,72,,,,,,
13,S14W33,1997/11/04,6:10,360,785,993,548,698,-22.1,7.5e+15*2,2.3e+31*2,243,AR,8100,5:45,βγδ,X2.1,,,1997/11/06,22:48:00,1997/11/07,4:00:00,1997/11/09,12:00,,,2,140 S,400,-110,460,11,2,640,64,,,,,,
14,,1997/11/19,12:27,360,150,,133,0,-5.1,8.1e+14*2,9.1e+28*2,280,data gap jhelio,,,,,,,1997/11/22,9:49:00,1997/11/22,19:00:00,1997/11/23,14:00,,,1,170 S,510,-108,520,17,2,640,64,,,,,,
15,N20W55,1997/12/06,10:27,223,397,,567,525,9,2.0e+16*2,1.6e+31*2,296,AR,8113,9:58,β,,,,1997/12/10,5:26:00,1997/12/10,18:00:00,1997/12/12,0:00,,,2,50 S,350,-60,380,12,0,460,89,,,,,,
17,N24W42,1998/01/02,23:28,360,438,523,548,515,6.5,5.5e+15*2,5.3e+30*2,275,AR,8126,23:37,β,,,,1998/01/06,14:16:00,1998/01/07,1:00:00,1998/01/08,22:00,,,2,80 S,400,-77,410,16,2,480,86,,,,,,
18,S41E17,1998/01/17,4:09,360,350,431,471,429,5.6,1.6e+15*2,9.7e+29*2,82,AR,8131,2:06,βγ,,,,1998/01/21,4:00:00,1998/01/21,6:00:00,1998/01/22,13:00,,,3W,0,380,-11,400,13,0,430,96,,,,,,
19,N21E25,1998/01/25,15:26,360,693,888,611,657,-7.4,1.1e+16*2,2.7e+31*2,112,AR,8145,15:09,β,M1.3,,,1998/01/28,16:00(A),1998/01/29,20:00:00,1998/01/31,1:00,,,2,30 S,380,-55,410,7,0,557,74,,,,,,
20,S25E17,1998/02/14,6:55,206,123,,138,166,0.7*1,1.9e+15*2,1.4e+29*2,164,AR,8156,2:59,β,,,,1998/02/17,4:00:00,1998/02/17,10:00:00,1998/02/17,21:00,ns,ns,2W,30,400,-100,420,12,2H,602,68,,,,,,
21,N17W51,1998/02/28,12:48,169,176,,225,292,2.9*1,4.9e+14*2,7.7e+28*2,282,AR,8164,9:17,β,,,,1998/03/04,11:56:00,1998/03/04,13:00:00,1998/03/06,9:00,0,-9,1,30 S,350,-36,380,12,2,440,93,,,,,,
22,S18E20,1998/04/29,16:58,360,1374,1655,1151,1250,-44.8*1,1.0e+16*2,9.8e+31*2,336,AR,8210,16:37,βγδ,,,,1998/05/01,21:56:00,1998/05/02,5:00:00,1998/05/04,2:00,-2,-24,1,150 S,520,-85,650,11,2,780,53,,,,,,
23,S15W15,1998/05/02,14:06,360,938,1168,697,871,-28.8,7.7e+15*2,3.4e+31*2,331,AR,8210,13:36,γδ,X1.1,,,1998/05/04,02:15(A),1998/05/04,10:00:00,1998/05/07,23:00,-7,0,2,250 Wv,550,-205,830,10,0,1150,36,,,,,,
24,N18W39,1998/06/21,5:35,78,148,,185,292,3.2*1,,,286,AR,8243,23:10,β,C2.9,,,1998/06/24,10:00:00,1998/06/24,16:00:00,1998/06/25,23:00,0,0,2,80,450,-25,540,12,2,,#DIV/0!,,,,,,
25,,1998/08/24,22:00,,,,,,,,,,data gap jhelio,,,,,,,1998/08/26,6:51:00,1998/08/26,22:00:00,1998/08/28,0:00,0,18,2,200 S,650,-155,860,14,0,1260,33,,,,,,
26,,1998/10/15,10:04,360,262,406,322,321,3.2*1,6.6e+15*2,2.3e+30*2,264,data gap jhelio,,,,,,,1998/10/18,19:52:00,1998/10/19,4:00:00,1998/10/20,7:00,0,0,1,50 S,390,-112,430,18,2,510,81,,,,,,
27,N17W01,1998/11/04,7:54,360,523,809,723,758,19.6,1.6e+16*2,2.2e+31*2,349,AR,8375,6:38,βγ,C1.7,,,1998/11/07,8:15:00,1998/11/07,22:00:00,1998/11/09,1:00,0,0,2,130 S,450,-81,530,15,1,570,72,,,,,,
28,N22W18,1998/11/05,20:44,360,1118,1335,949,1044,-24.0*1,2.1e+16*2,1.3e+32*2,300,AR,8375,20:16,βγ,,,,1998/11/08,4:51:00,1998/11/09,1:00:00,1998/11/11,1:00,8,17,2,200 S,450,-149,640,12,2,740,56,,,,,,
29,N17W03,1998/11/09,18:17,190,325,,348,391,2.6,2.4e+15*2,1.3e+30*2,338,AR,8378,17:19,α,,,,1998/11/13,1:43:00,1998/11/13,2:00:00,1998/11/14,12:00,ns,ns,3,50,390,-131,400,17,2H,520,79,,,,,,
30,S33W05,1999/04/13,3:30,>260,291,,293,298,0.2*1,1.4e+15*2,5.9e+29*2,194,AR,8514,2:38,β,,,,1999/04/16,11:25:00,1999/04/16,18:00:00,1999/04/17,19:00,-6,8,1,50 S,410,-91,460,18,2,520,79,,,,,,
31,N17W47,1999/04/18,8:30,>112,475,,544,680,12.4*1,1.20E+15,1.40E+30,53,AR,8519,7:40,α,,,,1999/04/20,16:00:00,1999/04/21,4:00:00,1999/04/22,14:00,0,10,1,120,490,-29,620,8,2H,,#DIV/0!,,,,,,
32,N29W13,1999/06/24,13:31,360,975,1143,1135,1196,32.4,2.3e+15*2,1.1e+31*2,335,AR,8595,13:02,β,C4.1,,,1999/06/26,20:16:00,1999/06/27,22:00:00,1999/06/29,4:00,0,,3,100 S,670,-41,860,7,0,760,54,,,,,,
33,N18W62,1999/07/03,19:54,139,536,,588,560,3.1,8.4e+15*2,1.2e+31*2,303,AR,8602,19:35,β,C7.5,,,1999/07/06,15:09:00,1999/07/06,21:00:00,1999/07/07,2:00,ns,,2,50 S,460,-4,500,10,1,620,66,,,,,,
34,N21W01,1999/07/23,21:30,1233,329,,307,316,-0.9,7.5e+15*2,4.1e+30*2,52,AR,8636,20:37,βγδ,,,,1999/07/26,23:33(A),0199/07/27,17:00:00,1999/07/29,12:00,26,2,3,30 S,390,-38,460,6,0,560,73,,,,,,
35,S15W05,1999/07/28,4:30,>189,361,,375,373,0.8,----,----,96,AR,8649,3:25,β,,,,1999/07/30,16:00:00,1999/07/30,20:00:00,1999/07/31,8:00,0,0,3,90,620,-52,660,9,0,710,58,,,,,,
36,S15W05,1999/07/28,9:06,360,462,845,443,436,-1.9*1,1.9e+14*2,2.1e+29*2,6,AR,8649,8:20,β,M2.3,,,1999/07/31,18:37:00,1999/07/31,19:00:00,1999/08/02,6:00,0,ns,3,100,480,-39,650,5,1,510,81,,,,,,
37,S31W22,1999/08/09,3:26,212,395,,361,288,-4.1*1,1.0e+15*2,8.1e+29*2,183,AR,8657,2:39,β,,,,1999/08/11,23:00:00,1999/08/12,3:00:00,1999/08/14,0:00,16,0,3,40,380,-13,420,6,0,615,67,,,,,,
38,N23E27,1999/08/17,13:31,261,238,,238,475,7.8,----,----,29,AR,8668,12:44,β,C2.6,,,1999/08/20,23:00:00,1999/08/20,23:00:00,1999/08/23,11:00,31,6,2,0,460,-66,570,7,1,510,81,,,,,,
39,S20W05,1999/09/20,6:06,360,604,900,549,357,-14.5*1,8.9e+14*2,1.6e+30*2,14,AR,8704,5:29,β,,,,1999/09/22,12:22:00,1999/09/22,19:00:00,1999/09/24,3:00,0,0,1,120 S,530,-173,600,1,0,770,53,,,,,,
40,N13W33,1999/10/18,0:06,240,144,,263,290,3.5*1,----,----,184,AR,8731,10/17/99 21:21,βγδ,,,,1999/10/21,2:25:00,1999/10/21,8:00:00,1999/10/22,7:00,14,0,2,30 S,480,-237,550,20,0,561,73,,,,,,
41,S19E11,2000/01/18,17:54,360,739,1077,665,697,-7.1,6.9e+15*2,1.9e+31*2,45,AR,8831,17:13,β,M3.9,,,2000/01/22,00:23(A),2000/01/22,17:00:00,2000/01/23,2:00,0,0,2,30 S,380,-97,400,16,1,530,78,,,,,,
42,N25E26,2000/02/08,9:30,360,1079,1239,874,904,-35.3*1,7.6e+15*2,4.4e+31*2,50,AR,8858,9:10,β,M1.3,,,2000/02/11,2:58:00,2000/02/11,16:00:00,2000/02/11,20:00,0,0,1,60 S,420,-25,510,7,0,630,65,,,,,,
43,N31E04,2000/02/10,2:30,360,944,1108,1003,983,11.4,6.4e+13*2,2.8e+29*2,340,AR,8858,1:39,β,C7.3,,,2000/02/11,23:52:00,2000/02/12,12:00:00,2000/02/13,0:00,-3,0,2,180 S,540,-133,590,13,2,915,45,,,,,,
44,N26W23,2000/02/12,4:31,360,1107,1280,1047,1086,-8.3*1,1.6e+15*2,9.5e+30*2,20,AR,8858,4:08,β,M1.7,,,2000/02/14,7:31:00,2000/02/14,12:00:00,2000/02/16,8:00,0,0,3,100 S,520,-67,680,5,0,815,50,,,,,,
45,S29E07,2000/02/17,21:30,360,728,973,545,581,-22.9,1.6e+16*2,4.2e+31*2,184,AR,8872,20:30,β,M1.3,,,2000/02/20,21:39:00,2000/02/21,5:00:00,2000/02/22,12:00,0,0,2,120 S,380,-26,460,15,2,560,73,,,,,,
46,N18W55,2000/04/04,16:32,360,1188,1217,1232,1199,12.8,4.5e+15*2,3.2e+31*2,265,AR,8933,14:42,β,C9.7,,,2000/04/06,16:39:00,2000/04/07,6:00:00,2000/04/08,6:00,-7,-15,2,220 S,560,-288,620,6,1,860,48,,,,,,
47,S22E20,2000/04/15,10:35,>176,716,,605,458,-19.6,4.3e+14*2,1.1e+30*2,148,AR,8955,10:12,β,M4.3,,,2000/04/18,20:00:00,2000/04/18,20:00:00,2000/04/19,14:00,8,0,3,30,460,-14,470,10,1,510,81,,,,,,
48,S11W11,2000/04/29,4:30,109,551,,584,571,2.5,1.10E+16,1.70E+31,123,AR,8976,3:52,β,,,,2000/05/02,10:45 (A),2000/05/02,20:00:00,2000/05/05,10:00,nc,ns,3,150 S,500,-37,860,6,0,530,78,,,,,,
49,N14E19,2000/05/10,20:06,>205,641,,525,472,-15.5,4.4e+15*2,9.0e+30*2,65,AR,8990,19:25,β,C8.7,,,2000/05/13,17:00:00,2000/05/13,17:00:00,2000/05/14,18:00:00,0,ns,2,100,500,-2,600,8,0,603,68,,,,,,
50,S23W44,2000/05/13,12:26,>182,666,,755,723,10.8,4.1e+15*2,9.1e+30*2,178,AR,8993,11:24,β,C3.8,,,2000/05/16,23:00:00,2000/05/16,23:00:00,2000/05/17,7:00:00,0,0,2,130,550,-92,580,9,1,500,82,,,,,,
51,N12W08,2000/05/20,14:50,>139,349,,349,353,0.2*1,3.0e+14*2,1.8e+29*2,200,AR,9004,13:35,β,,,,2000/05/22,17:00:00,2000/05/23,9:00:00,2000/05/23,21:00:00,0,nc,2,70,570,-10,610,8,0,830,50,,,,,,
52,N12W20,2000/05/21,7:26,>138,629,,490,327,-20.1,9.0e+15*2,1.8e+31*2,271,AR,9004,7:01,βδ,C2.7,,,2000/05/23,23:42 (W),2000/05/24,12:00:00,2000/05/27,10:00:00,nc,0,2,50 S,530,-147,690,5,1,650,63,,,,,,
53,S13W12,2000/05/31,8:06,>126,391,,481,478,5.5*1,1.9e+15*2,1.5e+30*2,29,AR,9017,6:55,βγ,,,,2000/06/04,15:02:00,2000/06/04,22:00:00,2000/06/06,22:00:00,-8,6,3,130 S,470,-35,560,9,0,403,102,,,,,,
54,N20E18,2000/06/06,15:54,360,1119,1348,1130,1125,1.5,1.8e+16*2,1.1e+32*2,47,AR,9026,15:21,βγδ,X2.3,,,2000/06/08,9:10:00,2000/06/08,12:00:00,2000/06/10,17:00,24,7,2,260 S,610,-90,770,11,0,1007,41,,,,,,
55,N04E00,2000/07/07,10:26,360,453,766,554,622,10.8,1.8e+15*2,1.9e+30*2,193,AR,9070,9:36,β,C5.6,,,2000/07/10,6:38:00,2000/07/11,2:00:00,2000/07/11,14:00,0,6,2,90 S,440,0,490,13,0,609,68,,,,,,
56,N18E27,2000/07/11,13:27,360,1078,1260,850,902,-42.9,1.1e+16*2,6.2e+31*2,63,AR,9077,12:47,βγδ,X1,,,2000/07/13,9:42:00,2000/07/13,13:00:00,2000/07/14,15:00,,,3,200 S,610,-43,670,7,2H,940,44,,,,,,
57,N22W07,2000/07/14,10:54,360,1674,2061,1534,1147,-96.1*1,1.4e+16*2,1.9e+32*2,273,AR,9077,10:28,βγδ,X5.7,,,2000/07/15,14:37:00,2000/07/15,19:00:00,2000/07/17,8:00,0,28,2,350 S,740,-301,1040,20,2,1500,27,,,,,,
58,S13E30,2000/07/17,8:54,116,788,,1060,1025,30.7,7.50E+15,2.30E+31,61,AR,9087,8:28,βγ,C5.3,,,2000/07/19,15:27:00,2000/07/20,1:00:00,2000/07/21,8:00,0,,2,100 S,530,-93,630,8,0,,#DIV/0!,,,,,,
59,N06E11,2000/07/23,5:30,>181,631,,516,299,-20.4,3.1e+15*2,6.1e+30*2,166,AR,9097,4:55,βγ,,,,2000/07/26,18:57:00,2000/07/27,2:00:00,2000/07/28,2:00,0,-4,2,50 S,360,-42,400,6,1,490,84,,,,,,
60,N06W08,2000/07/25,3:30,360,528,900,494,425,-5.8,1.6e+15*2,2.3e+30*2,168,AR,9097,2:43,βγ,M8.0,,,2000/07/28,6:34:00,2000/07/28,12:00:00,2000/07/30,13:00,2,30,2,70 S,440,-71,480,9,2,550,75,,,,,,
61,N12E27,2000/08/06,22:30,>122,211,,211,211,0.0*1,----,----,337,AR,9114,21:01,β,,,,2000/08/10,5:01:00,2000/08/10,19:00:00,2000/08/11,21:00,0,nc,1,50 S,430,-106,480,12,2H,530,78,,,,,,
62,N20E12,2000/08/09,16:30,360,702,1007,731,720,2.8,7.0e+15*2,1.7e+31*2,12,AR,9114,15:53,βγ,C2.3,,,2000/08/11,18:45:00,2000/08/12,5:00:00,2000/08/13,22:00,-3,0,1,120 S,580,-235,670,18,2,830,50,,,,,,
63,N26W37,2000/08/29,18:30,122,769,,765,766,-0.5,1.9e+15*2,5.5e+30*2,343,AR,9144,17:49,β,,,,2000/09/02,22:00:00,2000/09/02,22:00:00,2000/09/03,13:00,0,0,1,40,420,-20,450,8,0,418,98,,,,,,
64,N09W23,2000/09/05,5:54,138,473,,461,468,-0.7,3.2e+15*2,3.5e+30*2,355,AR,9151,4:56,β,,,,2000/09/08,12:00:00,2000/09/08,12:00:00,2000/09/10,10:00,0,-18,3,50,450,-48,500,5,0,530,78,,,,,,
65,,2000/09/15/16,,,,,,,,,,,data gap jhelio,,,,,,,2000/09/17,16:57 (A),2000/09/17,21:00:00,2000/09/21,0:00,0,12,,250 S,600,-201,840,10,2,,#DIV/0!,,,,,,
66,S09E00,2000/10/02,20:26,360,569,984,478,483,-8.2,3.9e+15*2,6.3e+30*2,180,AR,9176,19:49,βγ,C4.5,,,2000/10/05,3:26:00,2000/10/05,13:00:00,2000/10/07,11:00,0,ns,2,110 S,450,-182,530,6,1,756,54,,,,,,
67,N02W16,2000/10/09,23:50,175,798,,709,747,-9.8,1.4e+16*2,4.6e+31*2,318,AR,9182,23:10,β,C6.7,,,2000/10/12,22:28:00,2000/10/13,16:00:00,2000/10/14,17:00,-4,3,1,120 S,400,-107,460,12,2,590,70,,,,,,
68,N09W63,2000/10/25,8:26,360,770,813,948,885,17.4,1.7e+16*2,5.1e+31*2,275,AR,9201,8:42,β,,,,2000/10/28,9:54:00,2000/10/28,21:00:00,2000/10/29,22:00,-9,12,1,50 S,380,-127,420,14,2,565,73,,,,,,
69,N02W02,2000/11/03,18:26,360,291,701,475,643,16.4,4.8e+15*2,2.1e+30*2,57,AR,9213,16:39,β,C3.2,,,2000/11/06,9:48:00,2000/11/06,17:00:00,2000/11/08,3:00,0,0,2,110 S,510,-159,610,20,2,660,62,,,,,,
70,,2000/11/24,,,,,,,,,,,data gap jhelio,,,,,,,2000/11/26,11:58:00,2000/11/27,8:00:00,2000/11/28,3:00,0,8,2,150 S,560,-80,910,7,0,,#DIV/0!,,,,,,
71,,2000/11/25/26,,,,,,,,,,,data gap jhelio,,,,,,,2000/11/28,5:30:00,2000/11/28,11:00:00,2000/11/29,22:00,11,0,2,50 S,540,-119,580,9,1,720,57,,,,,,
72,N15E01,2000/12/18,11:50,360,510,810,372,0,-26.8*1,2.3e+15*2,3.0e+30*2,335,AR,9269,11:17,β,C7.0,,,2000/12/22,19:25:00,2000/12/23,0:00:00,2000/12/23,12:00,ns,ns,3,50,320,-62,330,12,0,380,108,,,,,,
73,S07E46,2001/01/20,21:30,360,1507,,1264,1437,-41.1,1.8e+16*2,2.0e+32*2,71,AR,9313,21:13,βγ,M7.7,,,2001/01/23,10:48:00,2001/01/24,9:00:00,2001/01/26,7:00,0,ns,2,140 S,400,-61,550,4,1,680,60,,,,,,
74,S10W30,2001/02/28,14:50,232,313,,345,356,1.9,2.4e+15*2,1.2e+30*2,263,AR,9364,13:47,β,,,,2001/03/03,11:21:00,2001/03/04,4:00:00,2001/03/05,2:00,12,0,2,50 S,440,-73,520,8,2H,610,67,,,,,,
75,S07W20,2001/03/16,3:50,>281,271,,362,317,2.6,1.0e+15*2,3.9e+29*2,312,AR,9373,2:16,βγ,,,,2001/03/19,11:14:00,2001/03/19,17:00:00,2001/03/22,0:00,0,12,1,100 S,360,-149,490,15,2,520,79,,,,,,
76,N16E25,2001/03/25,17:06,360,677,908,522,600,-12.2,3.3e+15*2,7.6e+30*2,19,AR,9402,16:35,βγδ,C9.0,,,2001/03/27,17:47:00,2001/03/28,17:00:00,2001/03/30,18:00,11,0,3,200 S,480,-51,560,3,0,850,48,,,,,,
77,S10E30,2001/03/28,12:50,360,519,792,582,561,4.4,3.0e+15*2,4.0e+30*2,186,AR,9397,12:10,βγδ,,,,2001/03/31,0:52:00,2001/03/31,5:00:00,2001/03/31,22:00,0,nc,3,200 S,640,-387,710,33,1,690,60,,,,,,
78,N20W19,2001/03/29,10:26,360,942,1130,965,957,3.5,2.8e+15*2,1.2e+31*2,71,AR,9402,9:50,αγδ,X1.7,,,2001/03/31,22:00:00,2001/04/01,4:00:00,2001/04/03,15:00,nc,0,2,200,600,-271,820,5,1,700,59,,,,,,
79,S21E31,2001/04/06,19:30,360,1270,1449,914,1215,-57.3,8.4e+15*2,6.8e+31*2,147,AR,9415,19:20,βγδ,,,,2001/04/08,11:01:00,2001/04/08,14:00:00,2001/04/09,4:00,0,0,3,100 S,740,-59,780,13,0,1050,39,,,,,,
80,S23W09,2001/04/10,5:30,360,2411,2940,2876,2974,211.6*1,9.1e+15*2,2.7e+32*2,166,AR,9415,5:17,βγδ,X2.3,,,2001/04/11,13:43:00,2001/04/11,22:00:00,2001/04/13,7:00,0,0,2,230 S,640,-271,740,14,2,1290,32,,,,,,
81,S22W27,2001/04/11,13:31,360,1103,1274,1019,1065,-13,5.3e+15*2,3.2e+31*2,224,AR,9415,13:08,βγδ,M2.3,,,2001/04/13,7:34:00,2001/04/13,9:00:00,2001/04/14,12:00,0,-6,1,200 S,730,-77,830,9,0,990,42,,,,,,
82,N20W05,2001/04/26,12:30,360,1006,1257,1171,1084,21.1,1.2e+16*2,6.1e+31*2,37,AR,9433,11:37,βγδ,M7.8,,,2001/04/28,5:01:00,2001/04/28,14:00:00,2001/05/01,2:00,0,32,2,400 S,550,-47,730,8,2,1040,40,,,,,,
83,N04E18,2001/07/05,3:54,123,437,,616,613,12.3,7.0e+15*2,6.7e+30*2,264,AR,9528,2:55,β,,,,2001/07/08,12:00:00,2001/07/09,2:00:00,2001/07/11,4:00,-12,39,2,30,400,-38,460,5,2,520,79,,,,,,
84,N16W36,2001/08/14,16:01,360,618,822,601,625,-4.8*1,----,----,38,data gap jhelio,,,,,,,2001/08/17,11:03:00,2001/08/17,20:00:00,2001/08/19,16:00,0,0,2,150 S,500,-105,600,11,0,620,66,,,,,,
85,N08W29,2001/09/20,19:31,207,446,,404,403,-3.4,1.0e+15*2,1.0e+30*2,274,AR,9631,18:15,βγ,M1.5,,,2001/09/23,20:00:00,2001/09/24,0:00:00,2001/09/24,22:00,8,-4,3W,30,440,-73,530,7,1,570,72,,,,,,
86,S18W39,2001/09/27,4:54,182,509,,1109,929,36.6,1.8e+16*2,2.3e+31*2,242,AR,9628,5:42,βγδ,C3.8,,,2001/09/29,9:40:00,2001/09/29,11:00:00,2001/10/01,0:00,10,0,2,180 S,560,-66,700,12,1,790,52,,,,,,
87,N10E18,2001/09/28,8:54,360,846,1253,785,807,-6.9,2.0e+16*2,7.2e+31*2,140,AR,9636,8:27,βγδ,,,,2001/09/30,19:24:00,2001/10/01,8:00:00,2001/10/02,0:00,ns,ns,2,80 S,490,-148,550,9,0,710,58,,,,,,
88,N03W06,2001/09/29,11:54,216,509,,470,150,-12.0*1,1.4e+15*2,1.9e+30*2,26,AR,9639,11:05,βγδ,M1.8,,,2001/10/01,21:15 (S),2001/10/02,4:00:00,2001/10/02,12:00,0,0,2,40,490,-104,520,8,0,715,57,,,,,,
89,S28E08,2001/10/09,11:30,360,973,1156,682,811,-41.5,1.2e+16*2,5.6e+31*2,184,AR,9653,10:58,β,M1.4,,,2001/10/11,17:01:00,2001/10/12,4:00:00,2001/10/12,9:00,-7,0,2,180 S,560,-71,570,22,1,780,53,,,,,,
90,N15W29,2001/10/19,16:50,360,901,1051,895,898,-0.7,9.0e+15*2,3.6e+31*2,273,AR,9661,16:21,βγδ,X1.6,,,2001/10/21,16:48:00,2001/10/21,20:00:00,2001/10/25,10:00,0,0,1,250 S,460,-187,680,9,0,870,47,,,,,,
91,S19E12,2001/10/22,18:26,106,618,,572,515,-7.6,1.00E+15,1.90E+30,126,AR,9672,17:38,βγδ,M6.7,,,2001/10/26,22:00:00,2001/10/27,3:00:00,2001/10/28,12:00,0,nc,,20,420,-27,500,10,0,417,99,,,,,,
92,S16W21,2001/10/25,15:26,360,1092,1319,1080,1087,-1.4,4.2e+15*2,2.5e+31*2,175,AR,9672,15:01,βγδ,X1.3,,,2001/10/28,3:19:00,2001/10/29,22:00:00,2001/10/31,13:00,-6,7,2,150 S,360,-157,510,5,0,694,59,,,,,,
93,N06W18,2001/11/04,16:35,360,1810,2286,1514,1691,-63.4,1.7e+16*2,2.8e+32*2,239,data gap jhelio,,,,,,,2001/11/06,1:52:00,2001/11/06,12:00:00,2001/11/09,3:00,0,-39,2,300 S,600,-292,750,7,1,1250,33,,,,,,
94,S13E42,2001/11/17,5:30,360,1379,1525,1249,1350,-22.5,1.3e+16*2,1.2e+32*2,58,AR,9704,4:54,βγδ,,,,2001/11/19,18:15:00,2001/11/19,22:00:00,2001/11/21,13:00,0,0,3W,130 S,430,-47,570,6,1,680,60,,,,,,
95,S17W36,2001/11/22,23:30,360,1437,1577,1371,1409,-12.9,1.8e+16*2,1.8e+32*2,349,AR,9704,22:59,βγδ,,,,2001/11/24,6:56:00,2001/11/24,14:00:00,2001/11/25,20:00,0,-6,2,550 S,720,-221,1040,14,2,1320,31,,,,,,
96,N12W71,2001/12/26,5:30,>212,1446,,1284,1295,-39.9*1,4.8e+15*2,5.0e+31*2,266,AR,9742,5:09,βγ,M7.1,,,2001/12/29,5:38:00,2001/12/30,0:00:00,2001/12/30,18:00,-14,-6,3,90 S,400,-58,460,16,1,580,71,,,,,,
97,S08W03,2002/03/15,23:06,360,957,1297,784,917,-17.4,1.8e+16*2,8.1e+31*2,309,AR,9866,22:34,βγδ,,,,2002/03/18,13:22:00,2002/03/19,5:00:00,2002/03/20,16:00,0,0,2,160 S,380,-37,470,15,2,667,62,69,-7.4,435,35,-25,-10.6
98,S17W20,2002/03/20,17:54,360,603,838,501,344,-15.8*1,3.2e+15*2,5.8e+30*2,89,AR,9870,17:15,βγδ,,,,2002/03/23,11:37:00,2003/03/24,12:00:00,2002/03/25,20:00,0,4,2,70 S,450,-100,450,500,15,625,66,75,-6.9,454,57,-100,-8.7
99,S15W01,2002/04/15,3:50,360,720,1143,742,731,2.1,1.9e+15*2,5.0e+30*2,198,AR,9906,3:14,βγδ,M1.2,,,2002/04/17,11:07:00,2002/04/17,16:00:00,2002/04/19,15:00,0,0,1,150 S,480,-127,610,14,2,750,55,117,-15.1,482,12,-60,-15.8
100,S14W34,2002/04/17,8:26,360,1240,1417,1103,1198,-19.8,1.1e+16*2,8.3e+31*2,292,AR,9906,8:05,βγδ,M2.6,,,2002/04/19,8:35:00,2002/04/20,0:00:00,2002/04/21,18:00,0,-6,1,200 S,500,-149,640,8,2,863,48,109,-13.9,541,43,-126,-10.9
101,S12W07,2002/05/08,13:50,360,614,990,697,1468,78.9*1,5.8e+14*2,1.1e+30*2,229,AR,9934,12:53,βγδ,,,,2002/05/11,10:14:00,2002/05/11,15:00:00,2002/05/12,0:00,0,0,2,90 S,430,-110,440,15,1,610,67,20,-15.2,428,11,-23,-13.9
102,S23E15,2002/05/16,0:50,360,600,823,506,567,-6.6*1,4.2e+15*2,7.7e+30*2,158,AR,9948,0:20,βγδ,C3.5,,,2002/05/20,3:40:00,2002/05/20,10:00:00,2002/05/21,22:00,-7,-8,3,70 S,,-36,510,7,1,420,98,78,-3.8,478,16,-7,-4.2
103,S30W34,2002/05/22,3:50,360,1557,1718,1504,1540,-10.4,2.7e+15*2,3.3e+31*2,250,AR,9948,3:24,αγδ,,,,2002/05/23,10:50:00,2002/05/23,20:00:00,2002/05/25,18:00,,,2,400 S,590,-109,920,11,2,1323,31,140,-1.5,751,36,-109,-14.1
104,N19W01,2002/07/15,20:30,360,1151,1453,973,1099,-25.6,1.6e+16*2,1.0e+32*2,35,AR,10030,19:59,βγδ,M1.8,,,2002/07/17,16:03:00,2002/07/18,12:00:00,2002/07/19,9:00,0,nc,3,100 S,460,-17,520,6,1,955,43,50,-1.1,466,48,-17,-3.8
105,S15W18,2002/07/29,12:07,161,222,,309,305,3.3*1,----,----,161,AR,10039,6:38,βγδ,,,,2002/08/01,23:09:00,2002/08/02,6:00:00,2002/08/04,2:00,0,0,2,60 S,460,-102,520,10,2,500,82,,,,,,
106,S14E20,2002/08/16,12:30,360,1585,1937,1239,1447,-67.1,1.8e+16*2,2.3e+32*2,121,AR,10069,12:15,βγδ,M5.2,,,2002/08/18,18:46:00,2002/08/19,12:00:00,2002/08/21,14:00,-7,38,2,160 S,460,-106,580,8,1,766,54,119,-8.9,545,49,-53,-5.4
107,N09E28,2002/09/05,16:54,360,1748,2074,1855,1903,43,2.6e+15*2,3.9e+31*2,114,AR,10102,16:30,α,C5.2,,,2002/09/07,16:36:00,2002/09/08,4:00:00,2002/09/08,2000,nc,0,2,170 S,470,-181,550,11,0,880,47,39,-4.1,522,31,-181,-22.3
108,S12W42,2002/09/17,8:06,249,960,,978,972,2.5,1.4e+16*2,6.5e+31*2,213,AR,10114,7:43,βγ,C8.6,,,2002/09/19,6:00:00,2002/09/19,20:00:00,2002/09/20,21:00,0,ns,2,80,520,-40,750,5,0,910,45,67,-1.3,637,46,-37,-2.7
109,S06W29,2003/01/30,10:06,138,620,,869,764,17.9,1.9e+15*2,3.7e+30*2,351,AR,10272,9:30,β,,,,2003/02/01,13:05 (A),2003/02/01,19:00:00,2003/02/03,7:00,,0,2,340 S,510,-72,760,11,0,820,50,95,-9.1,663,20,-28,-0.9
111,S07W20,2003/05/28,0:50,360,1366,1701,1527,1414,25.9*1,1.3e+16*2,1.2e+32*2,292,AR,10365,0:12,βγδ,X3.6,,,2003/05/29,18:25(A),2003/05/30,2:00:00,2003/05/30,16:00,nc,0,3,120 S,600,-144,760,20,1,999,41,43,,734,29,-144,-6.7
112,S06W37,2003/05/29,1:27,360,1237,1407,1104,1184,-22.3,3.9e+15*2,3.0e+31*2,260,AR,10365,0:52,βγδ,X1.2,,,2003/05/30,16:00(A),2003/05/30,22:00:00,2003/06/01,1:00,-3,-19,3,220 S,680,-63,780,7,0,1078,38,95,-5.4,759,24,-48,
113,N12W91,2003/06/14,1:54,195,875,,1009,963,16.0*1,4.4e+15*2,1.7e+31*2,12,AR,10375,1:07,βγδ,M3.1,,,2003/06/16,18:00:00,2003/06/17,10:00:00,2003/06/18,8:00,0,0,3,80,480,-141,540,10,2,650,63,55,-16.8,524,43,-81,-8.9
114,S10E02,2003/08/14,20:06,360,378,766,431,461,4.4,3.9e+15*2,2.8e+30*2,25,AR,10431,19:14,βγδ,,,,2003/08/17,14:21:00,2003/08/18,1:00:00,2003/08/19,15:00,0,18,1,80 S,450,-148,530,18,2,630,65,89,-17.4,513,28,-63,-10.3
115,N04E12,2003/10/22,8:30,>267,719,,1080,1009,37,1.1e+16*2,2.8e+31*2,352,AR,10484,7:37,βγδ,M1.0,,,2003/10/24,15:24:00,2003/10/24,21:00:00,2003/10/25,12:00,nc,nc,2,140 S,560,-36,600,21,1,760,54,43,-4.5,571,17,-34,-9.3
116,N04W42,2003/10/26,17:54,>171,1537,,1561,1550,4.8,2.0e+16*2,2.4e+32*2,235,AR,10484,17:40,βγδ,X1.2,,,2003/10/28,2:06:00,2003/10/28,2:30:00,2003/10/28,9:00,ns,ns,1,130 S,610,-32,620,19,0,1331,31,21,-10.3,566,1,-18,-5
117,S16E08,2003/10/28,11:30,360,2459,3128,2229,2268,-105.2*1,6.8e+16*2,2.1e+33*2,15,AR,10486,11:09,βγδ,X17,,,2003/10/29,6:11:00,2003/10/29,11:00:00,2003/10/30,3:00,0,nc,2,900 S,1300,-353,1900,32,2H,2185,19,108,-24.6,,,-151,-14.4
118,S15W02,2003/10/29,20:54,360,2029,2628,1670,1519,-147,1.7e+16*2,3.4e+32*2,190,AR,10486,20:45,βγδ,X10,,,2003/10/30,16:19(A),2003/10/31,2:00:00,2003/11/02,0,0,24,2,750 S,800,-383,1700,9,1,2138,19,91,-3.6,1161,58,-383,-28.2
119,N00E18,2003/11/18,8:50,360,1660,2109,1645,1656,-3.3,2.4e+16*2,3.3e+32*2,206,AR,10501,8:13,βγ,M3.9,,,2003/11/20,8:03:00,2003/11/20,10:00:00,2003/11/21,8:00,0,8,2,240 S,580,-422,700,28,2,886,46,66,-45.9,642,6,-38,-3
120,S13W09,2004/01/20,0:06,360,965,1248,1074,1072,17.2,1.0e+16*2,4.7e+31*2,224,AR,10540,1/19/04 23:45,βγδ,,,,2004/01/22,1:37:00,2004/01/22,8:00:00,2004/01/23,17:00,0,-5,2,200 S,560,-130,680,12,0,850,48,96,-8.9,630,21,-24,-2.4
121,S19E29,2004/01/21,4:54,360,762,975,667,650,-13.7,5.6e+15*2,1.6e+31*2,78,AR,10543,4:14,βγ,,,,2004/01/23,14:25(A),2004/01/23,23:00:00,2004/01/25,4:00,0,2,2,60 S,490,-81,550,10,1,720,57,74,-10.7,532,23,-78,-8.9
122,N10E35,2004/07/20,13:31,360,710,892,906,831,16.6,1.5e+16*2,3.7e+31*2,334,AR,10652,12:54,βγδ,M8.6,,,2004/07/22,10:36:00,2004/07/22,18:00:00,2004/07/24,8:00,0,,2,90 S,560,-99,670,11,2,920,45,110,-15.3,468,18,,-2.9
123,N08E05,2004/07/22,7:31,138,459,,545,713,17.1,1.5e+15*2,1.6e+30*2,218,AR,10652,6:33,βγδ,C1.6,,,2004/07/24,6:13:00,2004/07/24,14:00:00,2004/07/25,15:00,,nc,2,90 S,560,-136,610,20,2,890,46,72,-22.5,584,24,-21,
124,W90b,2004/07/23,16:06,360,824,824,728,0,-43.9*1,1.2e+15*2,4.2e+30*2,278,AR,10652,15:49,βγδ,C2.3,,,2004/07/25,15:00:00,2004/07/25,20:00:00,2004/07/26,22:00,nc,,2,110,640,-136,680,6,1,890,46,,,,,,
125,N08W33,2004/07/25,14:54,360,1333,1544,1366,1359,7,1.1e+16*2,9.5e+31*2,204,AR,10652,14:39,βγδ,C4.8,,,2004/07/26,22:49:00,2004/07/27,2:00:00,2004/07/27,2200,0,10,1,300 S,870,-170,1000,16,2,1302,32,90,-17.7,903,15,-102,-9.4
126,N03E49,2004/09/12,0:36,360,1328,1436,1484,1405,22.5,1.9e+16*2,1.7e+32*2,132,AR,10672,0:27,βγ,M4.8,,,2004/09/13,20:03:00,2004/09/14,15:00:00,2004/09/16,1200,-6,0,3W,110 S,550,-38,600,6,1,960,43,128,-7.8,557,55,-38,-6.8
127,,2004/09/14,10:12,360,462,829,387,0,-13.0*1,1.8e+15*2,2.0e+30*2,162,data gap jhelio,,,,,,,2004/09/17,21:00:00,2004/09/18,12:00:00,2004/09/20,0:00,0,0,3,20,400,-33,500,6,1,500,82,75,-3.6,466,36,-33,-4.5
128,N09E18,2004/11/04,23:30,>293,1055,,1037,1050,-1.9,1.4e+16*2,7.8e+31*2,31,AR,10696,23:01,βγ,M5.4,,,2004/11/07,18:27:00,2004/11/07,22:00:00,2004/11/09,10:00,0,nc,1,140 S,630,-374,720,18,2,720,57,117,-44.5,632,12,-33,-4.5
129,N09W17,2004/11/07,16:54,360,1759,2218,1696,1713,-19.7,1.4e+16*2,2.2e+32*2,0,AR,10696,16:24,βγδ,X2.0,,,2004/11/09,18:25(W),2004/11/09,22:00:00,2004/11/11,23:00,0,0,1,170 S,640,-263,810,14,2,830,50,169,-26.7,720,6,-181,-15.2
130,N09W49,2004/11/10,2:26,360,3387,3656,3142,3330,-108.0*1,9.5e+15*2,5.5e+32*2,302,AR,10696,2:10,βγδ,X2.5,,,2004/11/11,17:10:00,2004/11/12,8:00:00,2004/11/13,23:00,0,0,2,60,520,-92,670,7,1,1080,38,105,-6.5,623,48,-82,-4.3
131,N05W03,2004/12/08,20:26,360,611,1109,459,0,-87.2*1,5.3e+15*2,9.9e+30*2,310,AR,10709,20:00,β,,,,2004/12/11,13:40:00,2004/12/12,22:00:00,2004/12/13,19:00,0,0,2,60,400,-56,580,13,1,640,64,43,-10.9,478,80,-41,-5.3
132,N15E15,2005/01/05,15:30,360,735,1081,892,831,15,4.5e+15*2,1.2e+31*2,78,AR,10715,14:46,β,,,,2005/01/08,17:00:00,2005/01/08,21:00:00,2005/01/09,18:00,0,-10,2,40,460,-93,520,9,1,570,72,,,,,,
133,S06E14,2005/01/13,17:54,360,495,906,540,729,13.6*1,4.2e+14*2,5.1e+29*2,97,AR,10718,17:07,β,,,,2005/01/16,11:00:00,2005/01/16,14:00:00,2005/01/17,7:00,0,0,3,80,520,-65,580,8,1,640,64,46,-7.4,563,9,-16,
134,N13W19,2005/01/17,9:30,360,2094,2580,1700,1896,-119,3.2e+16*2,6.9e+32*2,334,AR,10720,9:12,βδ,X3.8,,,2005/01/18,21:00:00,2005/01/18,23:00:00,2005/01/20,3:00,-2,10,1,,800,-80,960,12,0,1170,35,116,-6.7,879,9,-67,-4.1
135,N14W70,2005/01/20,6:54,360,882,951,940,1013,16.0*1,----,----,288,AR,10720,6:03,βδ,X7.1,,,2005/01/21,17:11:00,2005/01/21,19:00:00,2005/01/22,17:00,0,-5,2,340 S,810,-97,960,19,0,1210,34,92,-2.4,850,8,,-7.7
136,S04W37,2005/02/17,0:06,360,1135,1397,1252,1263,25.6*1,----,----,292,AR,10734,23:29,β,C4.9,,,2005/02/20,12:00:00,2005/02/20,12:00:00,2005/02/22,7:00,ns,ns,3,0,410,-43,440,5,1,500,82,91,-2.9,,,,
137,N12E11,2005/05/13,17:12,360,1689,2171,,,,1.5e+12*2,2.1e+28*2,2,AR,10759,16:47,β,M8.0,,,2005/05/15,2:38:00,2005/05/15,6:00:00,2005/05/19,0:00,0,0,2,400 S,630,-247,950,15,2,1270,32,59a,-40.8,741,13,-58,-3.8
138,N11W34,2005/05/16,13:50,140,405,,417,413,0.6,4.3e+15*2,3.5e+30*2,311,AR,10759,13:05,β,,,,2005/05/20,3:00:00,2005/05/20,3:00:00,2005/05/22,2:00,0,20,2,30,420,-83,480,10,2,488,84,85,-11.5,,,,
139,S11E19,2005/05/26,15:06,360,586,854,565,575,-1.6,1.5e+16*2,2.6e+31*2,275,AR,10767,14:17,βγ,B7.5,,,2005/05/29,9:52:00,2005/05/30,1:00:00,2005/05/30,2300,nc,nc,2,130 S,460,-113,540,15,1,630,65,52,-13.7,506,40,-42,-4.4
140,S07E12,2005/05/26,21:26,199,420,,401,392,-1.8,1.3e+15*2,1.1e+30*2,61,AR,10767,21:22,βγ,C8.6,,,2005/05/30,23:00:00,2005/05/31,4:00:00,2005/06/01,3:00,nc,0,3,30,460,-113,490,4,0,430,96,,,,,,
141,,2005/06/09,14:36,125,377,,338,289,-3.7*1,1.0e+15*2,7.4e+29*2,267,data gap jhelio,,,,,,,2005/06/12,7:45:00,2005/06/12,15:00:00,2005/06/13,13:00,0,0,2,80,480,-106,510,14,2,650,63,55,-18.4,415,16,,-7.3
142,N09E03,2005/07/07,17:06,360,683,1173,636,574,-8.7,9.1e+14*2,2.1e+30*2,39,AR,10786,16:39,βγδ,,,,2005/07/10,3:37:00,2005/07/10,10:00:00,2005/07/12,4:00,0,28,2,80 S,430,-92,480,12,1,720,57,93,-15.3,437,14,-34,-6.8
143,N11W28,2005/08/05,8:54,>233,494,,487,482,-0.8,2.9e+15*2,3.6e+30*2,52,AR,10792,8:06,βγ,C2.6,,,2005/08/09,0:00:00,2005/08/09,0:00:00,2005/08/09,19:00,0,0,2,40,480,-23,520,6,1,477,86,47,-3.1,,,,
144,S11W54,2005/08/22,1:31,360,1194,1265,1086,1127,-17.8,5.3e+15*2,3.8e+31*2,220,AR,10798,1:06,βγ,M2.6,,,2005/08/24,6:13:00,2005/08/24,14:00:00,2005/08/24,23:00,0,0,3,100 S,360,-216,710,20,1,790,52,31,-9.4,617,25,-184,-32.3
145,N13W13,2005/08/31,11:30,360,825,1283,1116,1165,42.9,2.4e+15*2,8.1e+30*2,287,AR,10803,11:05,βγ,C2.0,,,2005/09/02,14:19:00,2005/09/02,18:00:00,2005/09/03,4:00,0,nc,2,110 S,650,-60,680,10,1,840,49,34,-6.5,550,10,-39,-0.6
146,S12E67,2005/09/09,19:48,360,2257,2311,1810,2054,-129,1.6e+17*2,4.2e+33*2,115,data gap jhelio,,,,,,,2005/09/11,1:14:00,2005/09/11,5:00:00,2005/09/12,7:00,0,nc,2,300 S,900,-139,1100,10,0,1423,29,121,-5.4,1023,20,-41,-5.3
147,S12W30,2006/04/10,6:06,251,183,,312,381,6.5*1,3.0e+15*2,4.9e+29*2,313,AR,10869,3:57,β,B4.4,,,2006/04/13,11:41(s),2006/04/13,15:00:00,2006/04/14,7:00,0,0,2,120,520,-98,550,18,2,540,76,43,-11.6,476,8,-10,-0.6
148,S09W34,2006/07/06,8:54,360,911,1043,995,944,8.2,1.8e+16*2,7.3e+31*2,205,AR,10898,8:26,β,M2.5,,,2006/07/09,21:36:00,2006/07/10,21:00:00,2006/07/11,19:00,0,0,1,100 S,380,-27,430,8,0,488,84,43,-1,392,47,-24,-6.4
149,S16W08,2006/08/16,16:30,360,888,1359,905,896,1.9,1.0e+16*2,4.0e+31*2,161,AR,10904,15:46,βγ,C3.6,,,2006/08/19,11:31:00,2006/08/20,13:00:00,2006/08/21,16:00,-7,14,2,90 S,400,-79,470,8,0,620,66,56,-3.8,426,56,-79,-11.4
150,S08E06,2006/08/26,20:57,208,786,,956,895,16.8*1,7.4e+15*2,2.3e+31*2,163,AR,10905,20:21,βγ,C2.5,,,2006/08/30,20:00:00,2006/08/30,20:00:00,2006/09/01,7:00,,ns,3,0,400,-35,440,8,2,440,93,72,-6.6,,,,
151,S06W23,2006/12/13,2:54,360,1774,2184,1622,1573,-61.4*1,4.7e+15*2,7.4e+31*2,193,AR,10930,2:28,βγδ,X3.4,,,2006/12/14,14:14:00,2006/12/14,22:00:00,2006/12/15,13:00,0,7,1,320 S,740,-162,900,13,2,1180,35,57,-16.4,909,37,-45,-4
152,S06W46,2006/12/14,22:30,360,1042,1139,1039,1041,-0.4,7.5e+15*2,4.1e+31*2,248,AR,10930,22:00,βγδ,X1.5,,,2006/12/16,17:55:00,2006/12/17,0:00:00,2006/12/17,17:00,,24,3,70 S,580,-56,680,4,0,980,42,51,-0.1,657,21,-56,
153,,2007/11/15,18:50,199,125,,158,204,1.3*1,3.8e+14*2,2.9e+28*2,329,data gap jhelio,,,,,,,2007/11/19,18:11:00,2007/11/19,23:00:00,2007/11/20,12:00,-4,0,1,30,460,-59,480,18,2,437,94,,,,,,
154,S25W87,2008/12/12,8:54,184,203,,322,432,7.4*1,8.1e+14*2,1.7e+29*2,317,AR,11009,5:17,β,,,,2008/12/16,11:59:00,2008/12/17,3:00:00,2008/12/17,14:00,ns,ns,3,30,350,-15,380,9,2,350,117,,,,,,
155,S29E14,2009/09/25,13:31,10,586,,751,1911,152.9*1,----,----,335,AR,11026,12:44,α,,,,2009/09/30,1:00:00,2009/09/30,6:00:00,2009/10/01,0:00,ns,ns,3,50,340,-7,360,7,1,380,108,,,,,,
156,N30W19,2009/12/16,4:30,360,276,395,351,357,3.6,1.2e+15*2,4.7e+29*2,47,AR,11035,3:05,β,,,,2009/12/19,10:00:00,2009/12/19,13:00:00,2009/12/20,17:00:00,ns,ns,3W,20,380,-6,430,4,0,536,77,,,,,,
157,N24E01,2010/02/07,3:54,360,421,672,427,429,0.5,3.8e+15*2,3.4e+30*2,113,AR,11045,2:59,βγ,M6.4,2/7/10,2:20,2010/02/11,0:00:00,2010/02/11,8:00:00,2010/02/12,3:00:00,ns,ns,3,70,360,-7,380,7,0,450,91,,,,,,
158,S22W29,2010/04/03,10:33,360,668,939,658,661,-1.0*1,3.2e+15*2,7.2e+30*2,171,AR,11059,9:39,α,B7,4/3/12,9:54:00,2010/04/05,8:26:00,2010/04/05,12:00:00,2010/04/06,14:00:00,0,0,1,200,640,-81,790,9,2,910,45,,,,,,
159,N24W00,2010/04/08,4:54,160,264,,235,179,-2.2*1,1.3e+15*2,4.6e+29*2,235,AR,11060,3:44,α,,,,2010/04/11,13:04:00,2010/04/12,1:00:00,2010/04/12,15:00:00,0,3,1,60,410,-67,460,11,2,520,79,,,,,,
160,S16W06,2010/05/23,18:06,360,258,442,315,342,3.2*1,2.4e+15*2,7.8e+29*2,317,AR,11072,16:22,β,,,,,,2010/05/28,2:00:00,2010/05/29,14:00:00,,,1,,365,-80,,,,381.45,108,,,,,,
161,S15W23,2010/05/24,14:06,360,427,590,492,474,3.8*1,3.8e+15*2,3.5e+30*2,280,AR,11072,13:03,β,,,,2010/05/28,2:58:00,2010/05/28,19:00:00,2010/05/29,17:00:00,0,0,2,60,360,-80,390,14,2,500,82,,,,,,
162,N22W16,2010/10/26,1:36,83,214,,452,404,6.9,1.90E+16,4.40E+30,210,AR,11117,2:26,β,,,,2010/10/30,10:15:00,2010/10/31,5:00:00,2010/11/01,21:00:00,ns,ns,3,30,340,-11,380,9,1,400,103,,,,,,
163,S21W28,2011/02/15,2:24,360,669,960,508,471,-18.3,4.3e+15*2,9.7e+30*2,189,AR,11158,2:04,βγ,X2.2,2/15/11,1:44:00,2011/02/18,1:30:00,2011/02/18,19:00:00,2011/02/20,8:00:00,-15,36,2,130,470,-32,600,10,1,590,70,,,,,,
164,S22W23,2011/03/03,6:12,206,263,,337,380,4.4*1,1.4e+15*2,4.8e+29*2,204,AR,11165,4:49,β,,,,2011/03/06,3:31:00,2011/03/06,9:00:00,2011/03/08,6:00:00,ns,ns,3,50,430,-27,530,6,0,600,69,,,,,,
165,,2011/05/25,5:24,38,276,,307,360,2.8*1,1.10E+14,4.20E+28,328,AR,11218,4:06,α,B1.9,5/25/11,3:41:00,2011/05/28,1:00:00,2011/05/28,5:00:00,2011/05/28,21:00:00,,,1,60,510,-80,540,11,2,450,91,,,,,,
166,S19E14,2011/06/02,8:12,360,976,1147,999,996,3.6,1.4e+15*2,6.8e+30*2,98,AP,11227,7:42,βγ,C3.7,6/2/11,7:22:00,2011/06/04,20:45:00,2011/06/05,2:00:00,2011/06/05,19:00:00,0,0,1,120,510,-45,560,12,2,680,60,,,,,,
167,S16W07,2011/06/14,6:12,188,571,,805,698,14.6,1.5e+16*2,2.5e+31*2,68,AR,11234,6:57,β,,6/14/11,2:06:00,2011/06/17,2:41:00,2011/06/17,5:00:00,2011/06/17,13:00:00,0,0,2,80,500,-5,550,9,1,610,67,,,,,,
168,N16W22,2011/08/02,6:36,268,712,,554,596,-15.5*1,5.1e+15*2,1.3e+31*2,285,AR,11261,6:12,βγδ,,,,2011/08/04,21:53:00,2011/08/05,5:00:00,2011/08/05,14:00:00,,,3,70,430,-15,440,5,1,670,61,,,,,,
169,N15W35,2011/08/03,14:00,360,610,785,492,480,-12.2*1,8.7e+15*2,1.6e+31*2,307,AR,11261,13:22,βγδ,M6.0,8/3/11,13:17:00,,,2011/08/05,17:51:00,2011/08/07,22:00,,,2,,610,-115,,,,399.5,103,,,,,,
170,N16W51,2011/08/04,4:12,360,1315,1477,1074,1208,-41.1,1.1e+16*2,9.3e+31*2,298,AP,11261,3:47,βγδ,M9.3,8/4/11,3:41:00,2011/08/05,17:51:00,2011/08/06,22:00:00,2011/08/07,22:00:00,,,1,180,540,-115,610,4,1,1100,37,,,,,,
171,N14W18,2011/09/06,23:05,360,575,830,589,582,1.1*1,1.5e+16*2,2.5e+31*2,300,AR,11283,21:55,βγ,X2.1,9/6/11,22:12:00,2011/09/09,12:42:00,2011/09/10,3:00:00,2011/09/10,15:00:00,,,2,150,470,-75,530,14,2,680,60,,,,,,
172,N25W08,2011/09/19,6:00,229,655,,626,639,-2.5,1.0e+16*2,2.1e+31*2,58,AR,11296,5:33,βγ,C2.4,9/19/11,4:52:00,2011/09/22,3:00:00,2011/09/22,15:00:00,2011/09/23,3:00:00,,,3,20,390,-29,420,5,1,600,69,,,,,,
173,N13E45,2011/09/24,12:48,360,1915,2018,2254,2089,79.6,1.6e+16*2,3.0e+32*2,78,AR,11302,12:31,βγ,M7.1,9/24/11,12:33:00,2011/09/26,12:34:00,2011/09/26,20:00:00,2011/09/28,15:00:00,,,2,130,580,-118,700,7,0,870,47,,,,,,
174,N12W26,2011/10/02,2:00,103,259,,262,282,0.6*1,3.00E+14,1.00E+29,179,AR,11305,0:40,βγδ,M3.9,10/2/11,0:37:00,2011/10/05,7:36:00,2011/10/05,10:00:00,2011/10/05,22:00:00,,,2,90,450,-43,460,12,1,530,78,,,,,,
175,N10E13,2011/10/22,1:25,360,593,666,739,663,9.5,1.6e+16*2,2.7e+31*2,354,AR,11324,0:39,βγ,,10/22/11,0:31,2011/10/24,18:31:00,2011/10/24,22:00:00,2011/10/25,16:00,,,2,150,460,-147,510,21,2,630,65,,,,,,
176,N12W40,2011/10/26,10:00,158,270,,345,403,5.1*1,3.2e+15*2,1.2e+30*2,289,AR,11324,8:10,βγ,C1.2,10/26/11,8:51,2011/10/30,10:01:00,2011/10/31,1:00:00,2011/10/31,15:00,,,3,30,410,-29,420,6,0,430,96,,,,,,
177,N09E04,2011/10/27,12:00,360,570,718,507,528,-5.0*1,5.8e+15*2,9.4e+30*2,54,AR,11330,11:30,βγ,,,,2011/11/01,9:07:00,2011/11/02,1:00:00,2011/11/03,4:00:00,,,3,70,380,-66,430,6,1,350,117,,,,,,
178,N18E20,2011/11/09,13:36,360,907,1012,788,869,-12.1,1.4e+16*2,5.6e+31*2,48,AR,11342,13:06,βγδ,M1.1,11/9/11,13:04:00,2011/11/12,5:59:00,2011/11/13,10:00:00,2011/11/15,2:00:00,,,3,80,370,-13,460,5,1,650,63,,,,,,
179,N08W49,2011/11/26,7:12,360,933,1001,1012,975,9,1.2e+16*2,5.2e+31*2,327,AR,11353,6:46,αγ,C1.2,11/26/11,6:30:00,2011/11/28,21:50:00,2011/11/29,0:00:00,2011/11/29,8:00:00,,,3,100,450,-25,510,15,2,670,61,,,,,,
180,N18E24,2012/01/18,12:24,203,267,,259,253,-0.5*1,2.2e+15*2,8.0e+29*2,173,AR,11401,11:39,βγ,,1/18/12,12:32:00,2012/01/21,5:01:00,2012/01/21,6:00:00,2012/01/22,8:00:00,,,2,30,320,-10,330,10,2,650,63,,,,,,
181,N28E13,2012/01/19,14:36,360,1120,1269,1499,1390,54.1,1.9e+16*2,1.2e+32*2,20,AR,11402,14:24,βγ,M3.2,1/19/12,13:44:00,2012/01/22,6:11:00,2012/01/22,23:00:00,2012/01/23,7:00:00,,,3,50,450,-71,460,9,2,670,61,,,,,,
182,N18E54,2012/03/04,11:00,360,1306,1352,1473,1399,28.3,7.9e+15*2,6.8e+31*2,52,AR,11429,10:32,βγ,,,,2012/03/06,8:00:00,2012/03/06,8:00:00,2012/03/06,15:00,,,3,0,370,-23,380,11,1,914,45,,,,,,
183,N18E41,2012/03/05,4:00,360,1531,1627,1400,1476,-24.6,1.4e+16*2,1.6e+32*2,61,AR,11429,3:35,βγδ,X1,3/5/12,4:00:00,,,2012/03/08,11:00:00,2012/03/09,15:00,,,3,,470.31,-133,,,,,#VALUE!,,,,,,
184,N17E15,2012/03/07,0:24,360,2684,3146,2379,2594,-88.2,1.4e+16*2,5.0e+32*2,57,AR,11429,0:18,βγδ,X5.4,3/7/12,0:02:00,2012/03/08,11:03:00,2012/03/09,3:00:00,2012/03/11,7:00:00,,,2,270,550,-145,890,7,1,1220,34,,,,,,
185,N18W27,2012/03/10,18:00,360,1296,1638,1227,1261,-10.9,1.3e+16*2,1.1e+32*2,5,AR,11429,17:37,βγδ,M8.4,3/10/12,17:15:00,2012/03/12,8:28:00,2012/03/12,16:19:00,2012/03/14,2:52,,,2,,1296,-64,,,,1080,38,,,,,,
186,N18W64,2012/03/13,17:36,360,1884,1931,2054,1987,45.6,2.3e+16*2,4.1e+32*2,286,AR,11429,17:16,βγδ,M7.9,3/13/12,17:12:00,2012/03/15,13:06:00,2012/03/15,17:00:00,2012/03/16,10:00:00,,,3,170,680,-88,760,9,1,960,43,,,,,,
187,N16E11,2012/03/26,23:12,360,1390,1709,1215,1318,-32.3,1.8e+16*2,1.7e+32*2,92,AR,11443,22:45,α,,,,,,2012/03/29,18:00:00,2012/04/03,15:00,,,,,354.2,-145,,,,619.57,66,,,,,,
188,N11W19,2012/05/12,0:00,360,805,1289,755,760,-6.6*1,4.6e+15*2,1.5e+31*2,107,AR,11476,5/11/11 23:29,βγδ,,5/11/12,23:12,2012/05/16,16:00:00,2012/05/16,16:00:00,2012/05/17,22:00:00,,,2,0,370,-39,390,10,2,370,111,,,,,,
189,S17W00,2012/06/14,14:12,360,987,1254,977,983,-1.2,1.2e+16*2,5.8e+31*2,144,AR,11504,13:40,βγδ,M1.9,6/14/12,12:52,2012/06/16,20:19:00,2012/06/16,23:00:00,2012/06/17,12:00,,,1,80,440,-86,510,28,2,770,53,,,,,,
190,S17E03,2012/07/02,8:36,360,1074,1165,878,990,-26.9,6.0e+15*2,3.5e+31*2,85,AR,11515,8:14,βγ,,,,2012/07/04,19:00:00,2012/07/05,0:00:00,2012/07/06,8:00,,,3,50,470,-19,540,8,1,730,56,,,,,,
191,N16W36,2012/07/04,17:24,360,662,830,553,0,-37.6*1,3.4e+14*2,7.5e+29*2,124,AR,11513,16:57,βγ,M5.6,7/4/12,16:33,2012/07/08,8:00:00,2012/07/09,0:00:00,2012/07/09,14:00,,,2,20,410,-78,450,12,2,480,86,,,,,,
192,S15W01,2012/07/12,16:48,360,885,1405,1092,2265,195.6*1,6.9e+15*2,2.7e+31*2,158,AR,11520,15:50,βγδ,X1.4,7/12/12,15:37,2012/07/14,18:09:00,2012/07/15,6:00:00,2012/07/17,5:00,,,1,220,490,-139,670,16,2,850,48,,,,,,
193,S13W88,2012/07/19,5:24,360,1631,1631,1586,1616,-8,2.1e+16*2,2.8e+32*2,275,AR,11520,5:14,βγδ,M7.7,7/19/12,4:17,2012/07/21,16:12:00,2012/07/22,11:00:00,2012/07/23,16:00,,,3,,1631,-28,,,,707,58,,,,,,
194,S25E59,2012/08/31,20:00,360,1442,1495,1454,1446,2,2.0e+16*2,2.1e+32*2,90,AR,11563,19:43,α,C8.4,8/31/12,19:32,2012/09/03,12:13:00,2012/09/04,11:00:00,2012/09/05,2:00,,,2,120,430,-61,440,9,0,650,63,,,,,,
195,N06W34,2012/09/28,0:12,360,947,1093,716,817,-27.1,9.2e+15*2,4.1e+31*2,251,AR,11577,23:43,βγ,C3.7,9/27/12,23:36,2012/09/30,11:31:00,2012/09/30,14:00:00,2012/09/30,20:00,,,3,30,310,-39,310,8,0,700,59,,,,,,
196,N08W55,2012/09/29,9:12,226,558,,613,596,4.3*1,5.0e+15*2,7.8e+30*2,268,AR,11577,8:23,βγ,,,,2012/10/02,22:00:00,2012/10/02,22:00:00,2012/10/03,6:00,,,3,0,320,-32,320,6,1,490,84,,,,,,
197,S24E22,2012/11/09,15:12,276,559,,601,603,4.0*1,5.0e+15*2,7.8e+30*2,157,AR,11610,14:32,α,B5.9,11/9/12,14:12,2012/11/12,23:11:00,2012/11/13,8:00:00,2012/11/14,3:00,,,1,50,380,-108,460,21,2,530,78,,,,,,
198,N15W26,2012/11/20,12:00,360,619,827,652,639,2.6*1,8.4e+15*2,1.6e+31*2,322,AR,11619,11:41,βγ,C1.9,11/20/12,11:18,2012/11/23,21:52:00,2012/11/24,12:00:00,2012/11/25,10:00,,,2,,619,-40,,,,508,81,,,,,,
199,N08W00,2012/11/21,16:00,360,529,942,420,410,-9.4*1,2.3e+15*2,3.2e+30*2,194,AR,11618,15:13,βγ,M3.5,,,2012/11/23,21:52:00,2012/11/24,12:00:00,2012/11/25,10:00,,,2,70,380,-40,410,12,1,770,53,,,,,,
200,S38W10,2012/11/23,13:48,360,519,636,498,496,-1.9*1,6.9e+15*2,9.3e+30*2,136,PE,,13:20,,,,,2012/11/26,5:12:00,2012/11/26,12:00:00,2012/11/28,5:00,,,2,90,450,-8,530,6,0,660,62,,,,,,
201,N11E12,2013/03/15,7:12,360,1063,1366,1247,1161,25.8,1.3e+16*2,7.5e+31*2,112,AR,11692,6:27,α,M1.1,3/15/13,5:46,2013/03/17,5:59:00,2013/03/17,15:00:00,2013/03/19,16:00,,,1,230,520,-132,720,9,2,890,46,,,,,,
202,N09E12,2013/04/11,7:24,360,861,1369,792,819,-8.1,2.2e+16*2,8.2e+31*2,85,AR,11719,6:55,βγ,M6.5,4/11/13,6:55,2013/04/13,22:54:00,2013/04/14,17:00:00,2013/04/15,23:00,,,2,100,410,-6,520,9,2,660,62,,,,,,
203,N12E57,2013/05/17,9:12,360,1345,1412,1319,1337,-3.7,5.8e+15*2,5.2e+31*2,50,AR,11748,8:47,βγδ,M3.2,5/17/13,8:43,2013/05/19,22:31:00,2013/05/19,22:33:00,2013/05/20,10:12,,,3,,1345,-47,,,,678,61,,,,,,
204,N15W70,2013/05/22,13:25,360,1466,1491,1394,1438,-13.2,3.3e+16*2,3.5e+32*2,287,AR,11745,12:57,βγδ,M5.0,5/22/13,13:08,2013/05/25,20:00:00,2013/05/25,23:00:00,2013/05/26,22:00,,,2,,1466,-47,,,,529,78,,,,,,
205,S16E61,2013/06/23,22:36,174,174,,287,513,10.8*1,3.9e+14*2,5.9e+28*2,302,AP,11778,21:10,αγ,M2.9,,,2013/06/27,14:38:00,2013/06/28,2:00:00,2013/06/29,12:00,,,1,70,390,-102,450,10,2,470,87,,,,,,
206,,2013/07/01,20:24,208,819,,888,851,6.2,1.3e+16*2,4.5e+31*2,90,PE,,20:15,,,,,2013/07/05,1:00:00,2013/07/05,1:00:00,2013/07/07,16:00,,,2,10,350,-87,370,10,2,540,76,,,,,,
207,S09W30,2013/07/09,15:12,360,449,713,382,290,-7.7*1,3.4e+15*2,3.5e+30*2,174,AR,11785,14:37,βγδ,C2.3,7/9/13,14:00,2013/07/12,17:14:00,2013/07/13,5:00:00,2013/07/15,0:00,,,1,60,430,-81,500,13,2,563,73,,,,,,
208,S31W18,2013/08/20,8:12,360,784,993,791,787,0.6,1.4e+16*2,4.2e+31*2,210,PE,,7:57,,C1.1,8/20/13,6:16,2013/08/22,19:26:00,2013/08/23,20:00:00,2013/08/25,3:00,,,3,40,470,-40,570,6,1,700,59,,,,,,
209,,2013/08/21,5:12,228,385,,338,321,-3.4*1,3.6e+15*2,2.7e+30*2,17,data gap jhelio,,,,B9.2,8/21/13,3:36,2013/08/24,00:03 (S),2013/08/25,3:00:00,2013/08/26,3:00,,,3,30,400,-29,520,4,1,620,66,,,,,,
210,N17W29,2013/09/29,22:12,360,1179,1370,1142,1164,-5.3,2.2e+16*2,1.5e+32*2,343,AR,11850,21:54,βγ,C1.2,9/29/13,21:43,2013/10/02,1:54:00,2013/10/02,23:00:00,2013/10/03,22:00,,,1,220,470,-72,630,7,2,800,51,,,,,,
211,S15W37,2013/10/06,14:43,360,567,840,710,822,21.5*1,4.6e+14*2,7.3e+29*2,10,AR,11859,13:23,α,C1.1,10/6/13,13:37,2013/10/08,20:20:00,2013/10/09,9:00:00,2013/10/11,0:00,,,1,100,480,-69,650,6,0,780,53,,,,,,
212,S06E69,2013/10/25,15:12,360,1081,1103,881,1015,-25.2,7.1e+15*2,4.2e+31*2,68,AR,11882,14:52,β,X2,10/25/13,14:51,,,2013/10/29,7:00:00,2013/10/31,16:00,,,3,,354.1,-52,,,,376.93,109,,,,,,
213,N03W139,2013/11/02,4:48,360,828,998,585,708,-26.4,1.6e+16*2,5.4e+31*2,239,AR,11885,4:17,β,C8,11/2/13,4:40,,,2013/11/07,0:00:00,2013/11/07,18:00,,,3,,359.1,-54,,,,359.26,114,,,,,,
214,S26W180,2013/11/08,3:24,360,497,759,659,625,11.7,8.8e+15*2,1.1e+31*2,199,AR,11890,2:34,βγδ,X1.1,11/8/13,4:20,2013/11/11,17:00:00,2013/11/11,17:00:00,2013/11/12,3:00,,,2,0,460,-30,480,7,1,480.3 (420-520),86,,,,,,
215,S21W64,2013/12/12,3:36,276,1002,,876,943,-15.3,1.4e+16*2,6.8e+31*2,236,AR,11912,3:15,α,C4.6,12/12/13,3:11,2013/12/15,13:00:00,2013/12/15,16:00:00,2013/12/16,5:00,,,2,30,460,-23,500,7,2,510,86,,,,,,
216,S12W02,2014/02/12,6:00,360,373,725,478,494,7.3*1,5.0e+15*2,3.5e+30*2,328,AR,11974,4:25,βγδ,M3,2/12/14,3:52,2014/02/15,13:16:00,2014/02/16,5:00:00,2014/02/16,16:00,,,2,100,380,-24,450,15,2,530,86,22,-8.3,423,34,-13,-6.6
217,S24E34,2014/02/18,1:36,360,779,942,674,712,-11.3,1.1e+16*2,3.5e+31*2,44,AR,11982,1:05,β,,,,2014/02/20,3:18:00,2014/02/21,2:00:00,2014/02/22,12:00,,,2,180,490,-95,690,6,0,840,49,,,,,,
218,S12E82,2014/02/25,1:25,360,2147,2153,1809,2069,-158,2.2e+16*2,5.0e+32*2,73,AR,11990,0:45,α,X4,2/25/14,0:39,,,2014/02/27,16:00:00,2014/02/28,14:00,,,3,,435.8,-99,,,,570.2,72,,,,,,
219,S12E40,2014/03/23,3:36,360,820,986,841,834,2.3,8.3e+15*2,2.8e+31*2,97,AR,12014,3:17,βγ,C3,3/23/14,2:27,,,2014/03/25,19:30:00,2014/03/27,7:00,,,2,,395.4,-24,,,,561.57,73,,,,,,
220,N11E53,2014/04/02,13:36,360,1471,1564,1464,1468,-1.2,1.4e+16*2,1.5e+32*2,60,AR,12027,13:22,α,M6,4/2/14,13:18,2014/04/05,10:00:00,2014/04/05,22:00:00,2014/04/07,5:00,,,2,40,380,-15,500,13,2,610,67,61,-4.8,472,29,-15,-6.9
221,S06E154,2014/04/08,23:12,360,514,709,365,339,-13.5,6.7e+15*2,8.8e+30*2,115,AR,12031,22:45,β,C1.9,,,,,2014/04/11,4:00:00,2014/04/12,19:00,,,1,70,350.7,-80,,,,716.08,57,,,,,,
222,S20W34,2014/04/18,13:25,360,1203,1359,1279,1245,13.5,2.0e+16*2,1.4e+32*2,238,AR,12036,12:38,βγ,M7,4/18/14,12:31,2014/04/20,10:56:00,2014/04/21,7:00:00,2014/04/22,9:00,,,2,200,540,-32,700,6,1,920,45,73,-3.6,634,66,-23,-4.1
223,S29E40,2014/06/04,12:48,360,467,555,1258,1035,43.7,1.6e+16*2,1.7e+31*2,160,AP,12080,14:58 / 12:48,β,,,,2014/06/07,16:52:00,2014/06/08,20:00:00,2014/06/10,17:00,,,2,60,480,-37,610,9,0,570,72,112,-2.1,487,68,-34,-4.3
224,S10W05,2014/08/15,17:48,360,342,679,313,303,-1.8*1,2.3e+15*2,1.3e+30*2,323,AP,12139,16:56,β,,,,2014/08/19,6:57:00,2014/08/19,16:00:00,2014/08/21,5:00,,,1,40,360,-28,440,17,2,500,82,69,-8.8,355,17,,-3.7
225,N12E29,2014/09/09,0:06,360,920,1080,852,877,-8.4,1.1e+16*2,4.9e+31*2,59,AR,12158,9/8/14 23:49,βγδ,M4,9/8/14,23:12,,,2014/09/11,23:00:00,2014/09/14,3:00,,,2,80,613.8,-75,,,,441.61,93,,,,,,
226,N14E02,2014/09/10,18:00,360,1267,1652,950,1119,-51.6,2.1e+16*2,1.7e+32*2,175,AR,12158,17:39,βγδ,X1.6,,,2014/09/12,15:53:00,2014/09/12,22:00:00,2014/09/14,2:00,,,1,230,600,-88,720,20,2,920,45,87,,594,19,-20,-9.5
227,N15E33,2014/11/07,18:08,293,795,,632,643,-24.4,1.2e+16*2,3.9e+31*2,75,AR,12205,17:14,βγδ,,,,2014/11/10,2:20:00,2014/11/11,7:00:00,2014/11/11,20:00,,,3,50,480,-65,520,9,0,740,56,,,,,,
228,S20E09,2014/12/17,5:00,360,587,855,559,571,-2.1,1.2e+16*2,2.0e+31*2,162,AR,12242,4:06,βγδ,M8,12/17/14,4:25,2014/12/21,19:11:00,2014/12/22,4:00:00,2014/12/22,17:00,,,2,70,,-71,430,16,2,380,108,26,-12.7,412,19,-50,-15.5
229,S06E09,2015/01/03,3:12,153,163,,258,302,3.7,2.8e+15*2,3.7e+29*2,144,AR,12253,1/2/15 22:14,βγδ,,,,2015/01/07,6:16:00,2015/01/07,7:00:00,2015/01/07,20:00,,,1,30,450,-107,470,16,2,420,98,30,-17.1,468,2,-21,-1.2
230,S22W25,2015/03/15,1:48,360,719,932,611,682,-9,3.0e+16*2,7.7e+31*2,240,AR,12297,1:14,βγδ,C9,3/15/15,1:15,2015/03/17,4:45:00,2015/03/17,13:00:00,2015/03/18,5:00,,,1,90,560,-234,620,20,2,840,49,46,-18.9,553,24,-73,-14.9
231,N10E27,2015/04/06,6:00,160,501,,397,458,-6.2,1.1e+16*2,1.3e+31*2,63,AR,12318,5:18,β,,,,2015/04/09,10:11:00,2015/04/09,11:00:00,2015/04/09,22:00,,,3,30,380,-9,390,12,0,500-660,#VALUE!,,,,,,
232,S15E49,2015/05/02,20:24,360,335,408,430,394,3.8,1.3e+16*2,7.2e+30*2,115,AR,12335,19:38,β,C2.3,,,2015/05/07,21:00:00,2015/05/07,21:00:00,2015/05/09,4:00,,,1,0,390,-15,400,6,0,320-340,#VALUE!,,,,,,
233,N12E16,2015/06/21,2:36,360,1366,1740,1477,1434,21.2*1,9.6e+15*2,9.0e+31*2,72,AR,12371,2:10,βγδ,,,,2015/06/22,18:33:00,2015/06/23,2:00:00,2015/06/24,14:00,,,2,190,610,-198,740,14,1,1040,40,114,-23.1,644,25,-121,-26.3
234,N12W08,2015/06/22,18:36,360,1209,1573,1065,1147,-25.1,4.4e+15*2,3.2e+31*2,358,AR,12371,18:06,βγδ,,,,2015/06/24,13:29:00,2015/06/25,10:00:00,2015/06/26,6:00,,,2,170,550,-81,720,5,0,960,43,57,-7.2,648,69,-69,-0.9
235,,2015/07/10,2:24,138,348,,525,488,8.2*1,4.8e+15*2,2.9e+30*2,175,PE,,1:44,,,,,2015/07/13,1:38:00,2015/07/13,6:00:00,2015/07/14,15:00,,,2,40,490,-68,650,8,0,580,71,84,-6.9,623,14,-31,-4.4
236,S19E12,2015/09/04,19:36,64,217,,269,389,5.2*1,1.80E+15,4.20E+29,129,AR,12410,17:03,β,,,,2015/09/07,14:00:00,2015/09/08,0:00:00,2015/09/09,15:00,,,1,190,460,-105,600,15,2,620,66,93,-8.3,582,30,-70,-7.2
237,S20W27,2015/09/18,5:00,131,823,,1196,1030,35.5,7.8e+15*2,2.7e+31*2,188,AR,12415,4:01,βγ,C2.9,,,2015/09/20,6:04:00,2015/09/21,8:00:00,2015/09/22,1:00,,,2,120,510,-79,600,5,0,850,48,45,,546,73,-75,-3.2
238,S11W27,2015/10/22,3:12,360,817,1100,873,850,6,1.2e+16*2,4.0e+31*2,206,AR,12434,2:33,β,,,,2015/10/24,18:54:00,2015/10/25,14:00:00,2015/10/27,4:00,,,2,60,430,-16,490,7,1,650,63,,,,,,
239,N09W04,2015/11/04,14:48,360,578,987,650,701,10.1*1,6.6e+15*2,1.1e+31*2,288,AR,12443,13:57,βδ,M3.7,11/4/15,13:31,2015/11/06,18:18:00,2015/11/07,6:00:00,2015/11/08,16:00,,,1,90,500,-87,680,13,2,810,51,88,-10.3,609,37,-85,-8.8
240,S15W15,2015/12/16,9:36,360,579,937,529,487,-6.7*1,2.3e+15*2,3.9e+30*2,334,AR,12468,8:54,β,,,,2015/12/19,16:16:00,2015/12/20,3:00:00,2015/12/21,20:00,,,1,110,400,-166,490,15,2,540,76,85,-18.1,473,26,,-1.6
241,S23W11,2015/12/28,12:12,360,1212,1471,1243,1228,4.6*1,1.9e+16*2,1.4e+32*2,163,AR,12473,11:55,βδ,M1.9,12/28/15,11:20,2015/12/31,0:50:00,2015/12/31,17:00:00,2016/01/02,11:00,,,2,90,440,-116,480,10,2,690,60,96,-16.1,445,37,-48,-10.2
242,S22W11,2016/01/14,23:24,360,191,298,227,286,2.3*1,2.9e+15*2,5.4e+29*2,234,AR,12480,21:29,β,,,,2016/01/18,21:57:00,2016/01/19,10:00:00,2016/01/21,0:00,,,2,70,370,-93,400,14,2,440,93,73,-11.5,345,22,-13,-6.5
243,N10E40,2016/04/10,11:12,136,543,,547,547,0.4,4.6e+15*2,6.7e+30*2,25,AR,12529,10:25,β,,,,2016/04/14,7:35:00,2016/04/14,9:00:00,2016/04/15,4:00,,,3,30,420,-61,480,8,1,460,89,41,-8.5,464,3,-19,-0.3
244,N04W08,2016/07/17,10:48,360,340,750,405,390,3.1*1,6.1e+14*2,3.5e+29*2,102,AR,12565,9:36,β,C1.4,7/17/16,5:36,2016/07/19,23:05:00,2016/07/20,7:00:00,2016/07/22,15:00,,,1,110,440,-26,570,10,2,710,58,128,-5.5,460,19,-23,-8.9
245,,2016/07/28,22:24,120,265,,368,395,5.2*1,3.90E+14,1.40E+29,251,PE,,21:03,,,,,2016/08/02,14:00:00,2016/08/02,14:00:00,2016/08/03,3:00,,,2,10,420,-16,460,20,2,370,111,28,,,,,
246,N08W46,2016/11/05,4:24,33,350,,405,462,5.1*1,5.90E+14,3.60E+29,61,AP,12605,3:27,β,,,,2016/11/09,6:04:00,2016/11/10,0:00:00,2016/11/10,16:00,,,2,50,360,-57,370,11,2,430,96,30,-9.5,338,31,-4,-5.9
247,S11W29,2017/05/23,5:00,243,259,,338,367,4.1*1,8.5e+15*2,2.8e+30*2,281,AR,12660,3:41,β,,,,2017/05/27,15:34:00,2017/05/27,22:00:00,2017/05/29,14:00,,,1,80,360,-118p,390,16,2,400,103,75,-21.4,365,12,,-6.6
248,S06W29,2017/07/14,1:25,360,1200,1422,1199,1200,-0.1,2.3e+16*2,1.6e+32*2,230,AR,12665,1:12,β,,,,2017/07/16,5:59:00,2017/07/16,15:00:00,2017/07/17,20:00,,,1,90,520,-72,620,13,2,810,51,78,-8.5,448,21,-64,-20.4
249,S10W12,2017/09/04,20:36,360,1418,1831,1636,1611,47.5,7.6e+15*2,7.6e+31*2,184,AR,12673,20:14,βγ,,,,2017/09/06,23:47:00,2017/09/07,20:00:00,2017/09/08,4:00,,,2,170,490,-2,580,10,1,820,50,20,-8.4,520,56,-23,-6.2
250,S08W33,2017/09/06,12:24,360,1571,1819,1569,1570,-0.3,2.9e+16*2,3.6e+32*2,201,AR,12673,12:01,βγδ,X9.3,9/7/17,11:53,2017/09/07,23:02:00,2017/09/08,11:00:00,2017/09/10,21:00,,,1,220,590,-122,800,7,1,1210,34,177,-13.9,718,46,-124,-23.6
251,,2018/03/06,1:25,136,127,,157,284,3.0*1,2.0e+14*2,1.6e+28*2,250,,,,,,,,2018/03/09,18:09:00,2018/03/09,22:00:00,2018/03/11,0:00,,,1,80,410,-39p,450,14,2,470,87,55,-10.3,423,9,,-4.7
252,S06E29,2018/08/20,21:24,120,126,,216,363,5.4*1,2.20E+14,1.70E+28,266,AR,12719,19:43,β,,,,2018/08/25,2:00:00,2018/08/25,12:00:00,2018/08/26,12:00,,,2,30,410,-175p,440,16,2,410,100,51,-14.7,407,21,-1,
253,S25W09,2020/12/07,16:24,360,1407,1697,1308,1377,-16.4,4.6e+15*2,4.5e+31*2,194,AR,12790,15:58,α,C7.4,12/7/20,15:46,2020/12/10,2:10:00,2020/12/10,23:00:00,2020/12/13,4:00,,,2,110,440,-10,570,5,0,720,57,,,,,,
254,N21E50,2021/02/20,11:24,207,555,,821,710,16.7,4.4e+15*2,6.9e+30*2,114,AR,12803,10:59,α,,2/20/21,9:55,2021/02/23,2:00:00,2021/02/23,8:00:00,2021/02/24,15:00,,,3W,40,510,-25p,590,5,0,670,61,,,,,,
255,N18E43,2021/05/09,12:00,284,266,,250,167,-2.4*1,2.5e+14*2,9.0e+28*2,252,AR,12822,9:39,β,C4.0,5/9/21,9:00,2021/05/12,6:37:00,2021/05/12,15:00:00,2021/05/14,20:00,,,2,120,420,-61p,500,8,2,620,66,,,,,,
256,N21W01,2021/05/23,10:12,121,392,,370,302,-3.2*1,6.6e+14*2,5.1e+29*2,261,AR,12824,9:23,βγ,C2.4,,,2021/05/26,12:44:00,2021/05/26,22:00:00,2021/05/29,5:00,,,3,40,410,-28p,430,9,0,550-700,#VALUE!,,,,,,
257,N19E45,2021/08/23,6:48,360,440,546,565,552,8.5*1,3.3e+15*2,3.2e+30*2,80,AR,12859,6:02,β,C1.2,8/22/21,21:35,2021/08/27,1:14:00,2021/08/27,12:00:00,2021/08/28,15:00,,,1,40,380,-82p,420,12,2,460,89,,,,,,
258,S28E14,2021/09/23,5:48,42,264,,256,233,-0.8*1,4.10E+14,1.40E+29,188,AR,12871,4:36,βδ,M2.8,,,2021/09/27,0:00:00,2021/09/27,0:00:00,2021/09/27,21:00,,,2,10,390,7p,400,10,2,370-530,#VALUE!,,,,,,
259,S27W51,2021/09/28,6:24,265,524,,581,553,3.5,2.9e+15*2,4.0e+30*2,253,AR,12871,5:40,βγ,C1.6,9/28/21,5:54,2021/10/01,10:00:00,2021/10/01,11:00:00,2021/10/02,13:00,,,2,20,480,-30p,560,11,2,550,75,,,,,,
260,N20W01,2021/10/09,7:12,360,712,1072,611,650,-9.8,3.0e+15*2,7.7e+30*2,265,AR,12882,6:42,βγ,M1.6,10/9/21,6:19,2021/10/12,2:26:00,2021/10/12,16:00:00,2021/10/14,0:00,,,2,60,440,-65p,,,,,#VALUE!,,,,,,
261,N16W09,2021/11/02,2:48,360,1473,1855,1302,1397,-31.1,6.1e+15*2,6.6e+31*2,28,AR,12891,2:38,β,M1.7,11/2/21,1:20,2021/11/03,19:42:00,2021/11/04,7:00:00,2021/11/05,5:00,,,2,100,,-105,,,,1016,40,,,,,,
262,S24E33,2021/11/24,14:26,211,390,,458,447,4,4.4e+15*2,3.3e+30*2,171,AR,12898,13:27,β,,11/24/21,10:29,2021/11/27,22:51:00,2021/11/28,10:00:00,2021/11/29,2:00,,,2,70,370,-12p,400,10,2,510,81,,,,,,
263,N08W32,2022/01/16,20:48,210,475,,457,455,-1.5*1,2.3e+15*2,2.6e+30*2,329,AR,12929,20:14,β,,,,2022/01/18,23:40:00,2022/01/19,5:00:00,2022/01/20,10:00,,,2,80,610,-44p,680,5,1,820,50,,,,,,
264,N17E11,2022/01/29,23:36,360,530,800,434,379,-10.1,3.4e+15*2,4.7e+30*2,58,AR,12936,23:06,β,,,,2022/02/01,22:23:00,2022/02/02,16:00:00,2022/02/03,11:00,,,2,110,460,-66,500,14,2,590,70,,,,,,
265,N12W09,2022/03/28,12:00,360,702,1122,438,0,-47,1.5e+16*2,3.7e+31*2,127,AR,12975,11:38,β,,,,2022/03/31,2:24:00,2022/03/31,12:00:00,2022/04/01,12:00,,,1,60,490,-19p,600,20,2,"659, 761",#VALUE!,,,,,,
266,S31W05,2022/04/11,5:48,360,940,1216,1039,1144,26.3*1,1.8e+15*2,7.8e+30*2,66,AR,12987,5:11,/,,,,2022/04/14,9:00:00,2022/04/14,13:00:00,2022/04/15,2:00,,,2,20,520,-81p,550,18,2,550,75,,,,,,
267,N17E35,2022/07/03,4:00,109,738,,610,686,-10.9,2.80E+15,7.60E+30,277,AR,13046,3:30,α,,,,2022/07/07,9:00:00,2022/07/07,12:00:00,2022/07/08,8:00,,,1,30,380,-81p,400,19,2,410,100,,,,,,
268,S20W35,2022/07/05,4:36,259,747,,625,353,-27.0*1,1.6e+15*2,4.5e+30*2,194,AR,13047,4:06,β,,,,2022/07/08,2:00:00,2022/07/08,11:00:00,2022/07/08,19:00,,,2,20,400,-37p,410,10,1,600,69,,,,,,
269,N15E57,2022/07/15,15:48,187,320,,466,486,8.2,4.7e+15*2,2.4e+30*2,352,AR,13058,14:26,β,,,,2022/07/18,21:19:00,2022/07/19,5:00:00,2022/07/20,11:00,,,1,100,440,-61p,490,10,2,530,78,,,,,,
270,S24W19,2022/08/16,15:24,92,467,,585,551,7.6,7.50E+14,8.20E+29,184,AR,13078,14:08,βγδ,,,,2022/08/19,17:31:00,2022/08/20,8:00:00,2022/08/20,18:00,,,3,50,490,-38p,700,5,1,560,73,,,,,,
271,N18E57,2022/09/07,22:36,77,261,,272,321,1.7*1,1.80E+14,6.20E+28,184,AP,13096,21:11,α,,,,2022/09/12,7:00:00,2022/09/12,7:00:00,2022/09/12,21:00,,,3w,0,380,-17p,400,6,1,400,103,,,,,,
272,N19E12,2022/12/30,16:53,64,452,,,,,,,,AR,13176,/,β,,,,2023/01/03,21:00:00,2023/01/04,2:00:00,2023/01/05,22:00,,,1,30,380,-61q,430,18,2,420,98,,,,,,
273,N25W44,2023/02/25,19:24,360,1170,1266,1237,1205,9.4,2.3e+16*2,1.5e+32*2,284,AR,13229,19:08,β,,,,2023/02/27,10:00:00,2023/02/27,20:00:00,2023/02/28,17:00,,,3,110,650,-132q,820,10,0,1080,38,,,,,,
274,S20E07,2023/03/12,19:12,360,649,812,751,701,8.2,2.2e+16*2,4.7e+31*2,182,AR,13250,18:30,β,,,,2023/03/15,4:27:00,2023/03/15,21:00:00,2023/03/17,7:00,,,2,110,490,-38q,570,7,0,730,56,,,,,,
275,N18E20,2023/03/20,14:42,360,727,882,921,1644,101.7,5.8e+15*2,1.5e+31*2,37,AR,13258,13:36,α,,,,2023/03/23,5:00:00,2023/03/23,14:00:00,2023/03/24,7:00,,,1,30,450,-163q,490,20,2,560-670,#VALUE!,,,,,,
276,S20W15,2023/04/21,18:12,360,1284,1567,1100,1216,-28.1,1.5e+16*2,1.3e+32*2,180,AR,13283,17:53,β,,,,2023/04/23,17:38:00,2023/04/24,1:00:00,2023/04/25,19:00,,,2,140,520,-212q,680,17,2,880,47,,,,,,
277,N16W07,2023/05/07,23:12,360,1075,1374,982,1032,-12.2,7.4e+15*2,4.3e+31*2,274,AR,13296,22:51,β,,,,2023/05/09,22:50:00,2023/05/10,12:00:00,2023/05/12,6:00,,,2,120,550,-18q,660,6,0,870,47,,,,,,
278,N16W34,2023/05/09,19:00,360,1209,1403,843,1113,-45.9,1.3e+16*2,9.3e+31*2,297,AR,13296,18:44,βγ,,,,2023/05/12,6:33:00,2023/05/12,12:00:00,2023/05/13,21:00,,,2,110,480,-16q,580,7,0,700,59,,,,,,
279,S22E12,2023/07/04,4:12,276,535,,642,635,8.9,8.5e+15*2,1.2e+31*2,154,AR,13359,3:36,β,,,,2023/07/07,12:00:00,2023/07/07,12:00:00,2023/07/08,15:00,,,3w,0,450,-33q,500,6,0,520,79,,,,,,
280,S10W52,2023/07/10,4:00,360,1160,1249,1001,1084,-23.4,6.2e+15*2,4.2e+31*2,204,AR,13366,3:41,β,,,,2023/07/14,16:11:00,2023/07/14,20:00:00,2023/07/15,10:00,,,2,40,380,-34q,430,12,1,380-610,#VALUE!,,,,,,
281,S15E07,2023/07/14,19:03,216,862,,784,0,-61.5*1,----,----,188,AR,13370,18:42,β,,,,2023/07/16,19:22:00,2023/07/17,20:00:00,2023/07/19,4:00,,,1,100,500,-53q,570,6,1,860,48,,,,,,
282,N23W40,2023/07/23,15:05,360,779,980,896,871,14.6*1,1.1e+15*2,3.3e+30*2,299,AR,13376,13:53,α,,,,2023/07/25,22:33:00,2023/07/26,17:00:00,2023/07/28,11:00,,,2,110,460,-52q,570,7,0,750,55,,,,,,
283,N14W32,2023/08/02,9:12,360,572,778,494,513,-6.9*1,8.7e+15*2,1.4e+31*2,256,AR,13386,8:29,β,,,,2023/08/05,2:55:00,2023/08/05,18:00:00,2023/08/06,14:00,,,3,6,350,-93q,440,8,1,630,65,,,,,,
284,N09W50,2023/08/30,22:00,263,634,,671,664,3.6*1,4.4e+15*2,8.9e+30*2,79,AR,13413,21:21,β,,,,2023/09/02,4:34:00,2023/09/02,20:00:00,2023/09/04,0:00,,,2,40,490,-61q,720,7,0,760,54,,,,,,
285,N16W72,2023/09/14,7:24,360,804,877,857,841,6,----,----,304,AR,13423,7:01,β,,,,2023/09/17,2:34:00,2023/09/18,2:00:00,2023/09/19,0:00,,,2,70,430,-23q,480,10,1,620,66,,,,,,
286,N08W15,2023/09/16,9:12,360,703,943,861,833,15.8*1,----,----,274,AP,13434,8:44,α,,,,2023/09/18,13:31:00,2023/09/19,8:00:00,2023/09/21,10:00,,,3,110,510,-85q,640,6,0,790,52,,,,,,
287,N27W40,2023/09/22,7:36,86,729,,968,1197,49.4*1,----,----,351,AR,13443,6:45,β,,,,2023/09/24,20:43:00,2023/09/25,9:00:00,2023/09/26,11:00,,,1,110,440,-69q,480,19,2,630-680,#VALUE!,,,,,,
288,N16E34,2023/10/02,18:24,76,436,,393,424,-2.1*1,----,----,81,AR,13451,17:54,βδ,,,,2023/10/05,22:25:00,2023/10/06,16:00:00,2023/10/07,18:00,,,2,50,370,-17q,490,6,0,550,75,,,,,,
289,S08W12,2023/11/09,11:48,360,573,861,411,509,-11.3*1,----,----,328,AR,13480,11:18,β,,,,2023/11/12,6:13:00,2023/11/12,12:00:00,2023/11/13,17:00,,,3,70,460,-42q,570,8,1,630,65,,,,,,
290,S20W04,2023/11/28,20:12,360,741,1162,684,673,-7.3*1,----,----,285,AR,13500,19:51,βγ,,,,2023/12/01,9:26:00,2023/12/01,20:00:00,2023/12/03,0:00,,,1,100,460,-107q,530,14,2,680,60,,,,,,
291,N10W34,2023/12/13,0:00,155,367,,360,346,-0.9*1,----,----,301,AR,13514,12/12/23 22:56,β,,,,2023/12/15,11:48:00,2023/12/15,22:00:00,2023/12/16,12:00,,,3,120,500,-33q,510,8,0,500-690,#VALUE!,,,,,,
292,N07W48,2023/12/14,17:12,360,948,1009,872,921,-8,----,----,291,AR,13514,16:54,β,,,,2023/12/17,7:39:00,2023/12/17,22:00:00,2023/12/18,15:00,,,3,80,470,-83q,530,11,0,580-670,#VALUE!,,,,,,